{
  "timestamp_utc": "20251016_040813",
  "splits": {
    "train_end": "2023-12-31",
    "valid_end": "2024-12-31"
  },
  "n_models": 10,
  "xgb_params": {
    "device": "cuda",
    "tree_method": "hist",
    "objective": "binary:logistic",
    "eval_metric": "aucpr",
    "max_depth": 8,
    "eta": 0.06,
    "subsample": 0.8,
    "colsample_bytree": 0.8,
    "min_child_weight": 80,
    "lambda": 3.0,
    "alpha": 0.0,
    "max_bin": 512,
    "scale_pos_weight": 824.4750445632799
  },
  "metrics": {
    "ap_valid": 0.09399152792501765,
    "ap_test": 0.029287267834630683
  },
  "counts": {
    "train_pos": 1122,
    "train_neg": 925061,
    "valid_pos": 181,
    "valid_neg": 150595,
    "test_pos": 191,
    "test_neg": 122122
  }
}